-- MySQL Workbench 8.0 Forward Engineering

SET @OLD_UNIQUE_CHECKS=@@UNIQUE_CHECKS, UNIQUE_CHECKS=0;
SET @OLD_FOREIGN_KEY_CHECKS=@@FOREIGN_KEY_CHECKS, FOREIGN_KEY_CHECKS=0;
SET @OLD_SQL_MODE=@@SQL_MODE, SQL_MODE='ONLY_FULL_GROUP_BY,STRICT_TRANS_TABLES,NO_ZERO_IN_DATE,NO_ZERO_DATE,ERROR_FOR_DIVISION_BY_ZERO,NO_ENGINE_SUBSTITUTION';
SET AUTOCOMMIT = 0;
-- -----------------------------------------------------
-- Schema cs340_joero
-- -----------------------------------------------------

-- -----------------------------------------------------
-- Schema cs340_joero
-- -----------------------------------------------------
-- CREATE SCHEMA IF NOT EXISTS `cs340_joero` DEFAULT CHARACTER SET utf8 ;
USE `cs340_joero` ;

-- -----------------------------------------------------
-- Table `cs340_joero`.`Genres`
-- -----------------------------------------------------
DROP TABLE IF EXISTS `cs340_joero`.`Genres` ;

CREATE TABLE IF NOT EXISTS `cs340_joero`.`Genres` (
  `genreID` INT NOT NULL AUTO_INCREMENT,
  `genreName` VARCHAR(145) NOT NULL,
  PRIMARY KEY (`genreID`),
  UNIQUE INDEX `genreID_UNIQUE` (`genreID` ASC) VISIBLE)
ENGINE = InnoDB;

INSERT INTO `cs340_joero`.`Genres` (genreID, genreName) VALUES
(1, 'Fantasy'),
(2, 'Sci-fi'),
(3, 'Historical non-fiction');


-- -----------------------------------------------------
-- Table `cs340_joero`.`Books`
-- -----------------------------------------------------
DROP TABLE IF EXISTS `cs340_joero`.`Books` ;

CREATE TABLE IF NOT EXISTS `cs340_joero`.`Books` (
  `bookID` INT NOT NULL AUTO_INCREMENT,
  `ISBN` VARCHAR(50) NOT NULL,
  `title` VARCHAR(100) NOT NULL,
  `genreID` INT NULL,
  `status` ENUM('onLoan', 'overdue', 'returnedToShelf') NULL Default NULL, -- NULL if new book and not yet loaned
  PRIMARY KEY (`bookID`),
  UNIQUE INDEX `bookID_UNIQUE` (`bookID` ASC) VISIBLE,
  INDEX `fk_books_genres1_idx` (`genreID` ASC) VISIBLE,
  CONSTRAINT `fk_books_genres1`
    FOREIGN KEY (`genreID`)
    REFERENCES `cs340_joero`.`Genres` (`genreID`)
    ON DELETE SET NULL
    ON UPDATE NO ACTION)
ENGINE = InnoDB;

INSERT INTO `cs340_joero`.`Books` (bookID, ISBN, title, genreID, status) VALUES
(1, 'AA00X', 'Apples', 2, 'onLoan'),
(2, 'AB00X', 'Bananas', 1, 'onLoan'),
(3, 'AC00X', 'Clementine', 2, 'overdue'),
(4, 'AD00X', 'Dates', 3, 'returnedToShelf'),
(5, 'AE00X', 'Euclyptus', 1, 'onLoan'),
(6, 'AF00X', 'Fig', 3, 'overdue');

-- -----------------------------------------------------
-- Table `cs340_joero`.`Borrowers`
-- -----------------------------------------------------
DROP TABLE IF EXISTS `cs340_joero`.`Borrowers` ;

CREATE TABLE IF NOT EXISTS `cs340_joero`.`Borrowers` (
  `borrowerID` INT NOT NULL AUTO_INCREMENT,
  `borrowerName` VARCHAR(145) NOT NULL,
  `borrowerEmail` VARCHAR(145) NOT NULL,
  PRIMARY KEY (`borrowerID`))
ENGINE = InnoDB;

INSERT INTO `cs340_joero`.`Borrowers` (borrowerId, borrowerName, borrowerEmail) VALUES
(1, 'Joe Bob', 'jb@ml.com'),
(2, 'Mary Ann', 'ma@ml.com'),
(3, 'Abishola', 'a@ml.com');

-- -----------------------------------------------------
-- Table `cs340_joero`.`Authors`
-- -----------------------------------------------------
DROP TABLE IF EXISTS `cs340_joero`.`Authors` ;

CREATE TABLE IF NOT EXISTS `cs340_joero`.`Authors` (
  `authorID` INT NOT NULL AUTO_INCREMENT,
  `authorName` VARCHAR(145) NOT NULL,
  PRIMARY KEY (`authorID`),
  -- UNIQUE(authorName),
  UNIQUE INDEX `authorID_UNIQUE` (`authorID` ASC) VISIBLE)   -- generated by default
ENGINE = InnoDB;

INSERT INTO `cs340_joero`.`Authors` (authorId, authorName) VALUES
(1, 'Lily Marie'),
(2, 'Sun Tsu'),
(3, 'Shakespeare');

-- -----------------------------------------------------
-- Table `cs340_joero`.`Loans`
-- -----------------------------------------------------
DROP TABLE IF EXISTS `cs340_joero`.`Loans` ;

CREATE TABLE IF NOT EXISTS `cs340_joero`.`Loans` (
  `loanID` INT NOT NULL AUTO_INCREMENT,
  `returnDate` DATE NULL,
  `loanDate` DATE NOT NULL,
  `borrowerID` INT NOT NULL,
  PRIMARY KEY (`loanID`),
  UNIQUE INDEX `loanID_UNIQUE` (`loanID` ASC) VISIBLE,
  INDEX `fk_Loans_Borrowers1_idx` (`borrowerID` ASC) VISIBLE,
  CONSTRAINT `fk_BorrowersID`
    FOREIGN KEY (`borrowerID`)
    REFERENCES `cs340_joero`.`Borrowers` (`borrowerID`)
    ON DELETE CASCADE
    ON UPDATE NO ACTION)
ENGINE = InnoDB;

INSERT INTO `cs340_joero`.`Loans` (loanID, returnDate, loanDate, borrowerID) VALUES
(1, '2025-02-23', '2025-02-04', 3),
(2, '2025-03-01', '2025-02-10', 2),
(3, '2025-02-01', '2025-01-10', 3);

-- -----------------------------------------------------
-- Table `cs340_joero`.`BookLoans`
-- -----------------------------------------------------
DROP TABLE IF EXISTS `cs340_joero`.`BookLoans` ;

CREATE TABLE IF NOT EXISTS `cs340_joero`.`BookLoans` (
  `bookID` INT NOT NULL,
  `loanID` INT NOT NULL,
  INDEX `fk_bookloans_books1_idx` (`bookID` ASC) VISIBLE,
  INDEX `fk_bookloans_loans1_idx` (`loanID` ASC) VISIBLE,
  PRIMARY KEY (`bookID`, `loanID`),
  CONSTRAINT `fk_bookloans_books1`
    FOREIGN KEY (`bookID`)
    REFERENCES `cs340_joero`.`Books` (`bookID`)
    ON DELETE CASCADE
    ON UPDATE NO ACTION,
  CONSTRAINT `fk_bookloans_loans1`
    FOREIGN KEY (`loanID`)
    REFERENCES `cs340_joero`.`Loans` (`loanID`)
    ON DELETE CASCADE
    ON UPDATE NO ACTION)
ENGINE = InnoDB;

INSERT INTO `cs340_joero`.`BookLoans` (bookID, loanID) VALUES
(3, 1),
(6, 1),
(1, 2),
(2, 3);

-- -----------------------------------------------------
-- Table `cs340_joero`.`BookAuthors`
-- -----------------------------------------------------
DROP TABLE IF EXISTS `cs340_joero`.`BookAuthors` ;

CREATE TABLE IF NOT EXISTS `cs340_joero`.`BookAuthors` (
  `authorID` INT NOT NULL,
  `bookID` INT NOT NULL,
  PRIMARY KEY (`authorID`, `bookID`),
  INDEX `fk_BookAuthors_Books1_idx` (`bookID` ASC) VISIBLE,
  CONSTRAINT `fk_BookAuthors_Authors1`
    FOREIGN KEY (`authorID`)
    REFERENCES `cs340_joero`.`Authors` (`authorID`)
    ON DELETE CASCADE
    ON UPDATE NO ACTION,
  CONSTRAINT `fk_BookAuthors_Books1`
    FOREIGN KEY (`bookID`)
    REFERENCES `cs340_joero`.`Books` (`bookID`)
    ON DELETE CASCADE
    ON UPDATE NO ACTION)
ENGINE = InnoDB;

INSERT INTO `cs340_joero`.`BookAuthors` (authorID, bookID) VALUES
(2, 5),
(1, 5),
(1, 6);

USE `cs340_joero` ;

-- -----------------------------------------------------
-- Placeholder table for view `cs340_joero`.`view1`
-- -----------------------------------------------------
CREATE TABLE IF NOT EXISTS `cs340_joero`.`view1` (`id` INT);

-- -----------------------------------------------------
-- View `cs340_joero`.`view1`
-- -----------------------------------------------------
DROP TABLE IF EXISTS `cs340_joero`.`view1`;
USE `cs340_joero`;


SET SQL_MODE=@OLD_SQL_MODE;
SET FOREIGN_KEY_CHECKS=@OLD_FOREIGN_KEY_CHECKS;
SET UNIQUE_CHECKS=@OLD_UNIQUE_CHECKS;
SET FOREIGN_KEY_CHECKS=1;
COMMIT;
